<?xml version="1.0" encoding="UTF-8"?>
<project-private xmlns="http://www.netbeans.org/ns/project-private/1">
    <editor-bookmarks xmlns="http://www.netbeans.org/ns/editor-bookmarks/2" lastBookmarkId="0"/>
    <open-files xmlns="http://www.netbeans.org/ns/projectui-open-files/2">
        <group>
            <file>file:/C:/Users/Admin/Desktop/SerArmy2vip/Server/army2.conf</file>
            <file>file:/C:/Users/Admin/Desktop/SerArmy2vip/Server/src/army2/fight/Bullet.java</file>
            <file>file:/C:/Users/Admin/Desktop/SerArmy2vip/Server/src/army2/fight/Boss.java</file>
            <file>file:/C:/Users/Admin/Desktop/SerArmy2vip/Server/build.xml</file>
            <file>file:/C:/Users/Admin/Desktop/SerArmy2vip/Server/manifest.mf</file>
        </group>
    </open-files>
</project-private>
